,,,,,Afghanistan,Albania,Algeria,American Samoa,Andorra,Angola,Antigua and Barbuda,Argentina,Armenia,Aruba,Australia,Austria,Azerbaijan,Bahamas,Bahrain,Bangladesh,Barbados,Belarus,Belgium,Belize,Benin,Bermuda,Bhutan,Bolivia,Bosnia and Herzegovina,Botswana,Brazil,British Virgin Islands,Brunei Darussalam,Bulgaria,Burkina Faso,Burundi,Cabo Verde,Cambodia,Cameroon,Canada,Cayman Islands,Central African Republic,Chad,Channel Islands,Chile,China,Colombia,Comoros,Democratic Republic of the Congo,Republic of the Congo,Costa Rica,Cote d'Ivoire,Croatia,Cuba,Curacao,Cyprus,Czechia,Denmark,Djibouti,Dominica,Dominican Republic,Ecuador,Egypt,El Salvador,Equatorial Guinea,Eritrea,Estonia,Eswatini,Ethiopia,Faroe Islands,Fiji,Finland,France,French Polynesia,Gabon,Gambia,Georgia,Germany,Ghana,Gibraltar,Greece,Greenland,Grenada,Guam,Guatemala,Guinea,Guinea-Bissau,Guyana,Haiti,Honduras,Hong Kong SAR,Hungary,Iceland,India,Indonesia,Iran,Iraq,Ireland,Isle of Man,Israel,Italy,Jamaica,Japan,Jordan,Kazakhstan,Kenya,Kiribati,North Korea,South Korea,Kosovo,Kuwait,Kyrgyz Republic,Lao,Latvia,Lebanon,Lesotho,Liberia,Libya,Liechtenstein,Lithuania,Luxembourg,Macao,Madagascar,Malawi,Malaysia,Maldives,Mali,Malta,Marshall Islands,Mauritania,Mauritius,Mexico,Micronesia,Moldova,Monaco,Mongolia,Montenegro,Morocco,Mozambique,Myanmar,Namibia,Nauru,Nepal,Netherlands,New Caledonia,New Zealand,Nicaragua,Niger,Nigeria,North Macedonia,Northern Mariana Islands,Norway,Oman,Pakistan,Palau,Panama,Papua New Guinea,Paraguay,Peru,Philippines,Poland,Portugal,Puerto Rico,Qatar,Romania,Russian Federation,Rwanda,Samoa,San Marino,Sao Tome and Principe,Saudi Arabia,Senegal,Serbia,Seychelles,Sierra Leone,Singapore,St. Maarten (Dutch part),Slovak Republic,Slovenia,Solomon Islands,Somalia,South Africa,South Sudan,Spain,Sri Lanka,St. Kitts and Nevis,St. Lucia,St. Martin (French part),St. Vincent and the Grenadines,Sudan,Suriname,Sweden,Switzerland,Syria,Taiwan,Tajikistan,Tanzania,Thailand,Timor-Leste,Togo,Tonga,Trinidad and Tobago,Tunisia,Turkiye,Turkmenistan,Turks and Caicos Islands,Tuvalu,Uganda,Ukraine,United Arab Emirates,United Kingdom,United States,Uruguay,Uzbekistan,Vanuatu,Venezuela,Vietnam,Virgin Islands (U.S.),West Bank and Gaza,Yemen,Zambia,Zimbabwe,
Category,Location,Impact,Units,Reference,South Asia,Europe & Central Asia,Middle East & North Africa,East Asia & Pacific,Europe & Central Asia,Sub-Saharan Africa,Latin America & Caribbean,Latin America & Caribbean,Europe & Central Asia,Latin America & Caribbean,East Asia & Pacific,Europe & Central Asia,Europe & Central Asia,Latin America & Caribbean,Middle East & North Africa,South Asia,Latin America & Caribbean,Europe & Central Asia,Europe & Central Asia,Latin America & Caribbean,Sub-Saharan Africa,North America,South Asia,Latin America & Caribbean,Europe & Central Asia,Sub-Saharan Africa,Latin America & Caribbean,Latin America & Caribbean,East Asia & Pacific,Europe & Central Asia,Sub-Saharan Africa,Sub-Saharan Africa,Sub-Saharan Africa,East Asia & Pacific,Sub-Saharan Africa,North America,Latin America & Caribbean,Sub-Saharan Africa,Sub-Saharan Africa,Europe & Central Asia,Latin America & Caribbean,East Asia & Pacific,Latin America & Caribbean,Sub-Saharan Africa,Sub-Saharan Africa,Sub-Saharan Africa,Latin America & Caribbean,Sub-Saharan Africa,Europe & Central Asia,Latin America & Caribbean,Latin America & Caribbean,Europe & Central Asia,Europe & Central Asia,Europe & Central Asia,Middle East & North Africa,Latin America & Caribbean,Latin America & Caribbean,Latin America & Caribbean,Middle East & North Africa,Latin America & Caribbean,Sub-Saharan Africa,Sub-Saharan Africa,Europe & Central Asia,Sub-Saharan Africa,Sub-Saharan Africa,Europe & Central Asia,East Asia & Pacific,Europe & Central Asia,Europe & Central Asia,East Asia & Pacific,Sub-Saharan Africa,Sub-Saharan Africa,Europe & Central Asia,Europe & Central Asia,Sub-Saharan Africa,Europe & Central Asia,Europe & Central Asia,Europe & Central Asia,Latin America & Caribbean,East Asia & Pacific,Latin America & Caribbean,Sub-Saharan Africa,Sub-Saharan Africa,Latin America & Caribbean,Latin America & Caribbean,Latin America & Caribbean,East Asia & Pacific,Europe & Central Asia,Europe & Central Asia,South Asia,East Asia & Pacific,Middle East & North Africa,Middle East & North Africa,Europe & Central Asia,Europe & Central Asia,Middle East & North Africa,Europe & Central Asia,Latin America & Caribbean,East Asia & Pacific,Middle East & North Africa,Europe & Central Asia,Sub-Saharan Africa,East Asia & Pacific,East Asia & Pacific,East Asia & Pacific,Europe & Central Asia,Middle East & North Africa,Europe & Central Asia,East Asia & Pacific,Europe & Central Asia,Middle East & North Africa,Sub-Saharan Africa,Sub-Saharan Africa,Middle East & North Africa,Europe & Central Asia,Europe & Central Asia,Europe & Central Asia,East Asia & Pacific,Sub-Saharan Africa,Sub-Saharan Africa,East Asia & Pacific,South Asia,Sub-Saharan Africa,Middle East & North Africa,East Asia & Pacific,Sub-Saharan Africa,Sub-Saharan Africa,Latin America & Caribbean,East Asia & Pacific,Europe & Central Asia,Europe & Central Asia,East Asia & Pacific,Europe & Central Asia,Middle East & North Africa,Sub-Saharan Africa,East Asia & Pacific,Sub-Saharan Africa,East Asia & Pacific,South Asia,Europe & Central Asia,East Asia & Pacific,East Asia & Pacific,Latin America & Caribbean,Sub-Saharan Africa,Sub-Saharan Africa,Europe & Central Asia,East Asia & Pacific,Europe & Central Asia,Middle East & North Africa,South Asia,East Asia & Pacific,Latin America & Caribbean,East Asia & Pacific,Latin America & Caribbean,Latin America & Caribbean,East Asia & Pacific,Europe & Central Asia,Europe & Central Asia,Latin America & Caribbean,Middle East & North Africa,Europe & Central Asia,Europe & Central Asia,Sub-Saharan Africa,East Asia & Pacific,Europe & Central Asia,Sub-Saharan Africa,Middle East & North Africa,Sub-Saharan Africa,Europe & Central Asia,Sub-Saharan Africa,Sub-Saharan Africa,East Asia & Pacific,Latin America & Caribbean,Europe & Central Asia,Europe & Central Asia,East Asia & Pacific,Sub-Saharan Africa,Sub-Saharan Africa,Sub-Saharan Africa,Europe & Central Asia,South Asia,Latin America & Caribbean,Latin America & Caribbean,Latin America & Caribbean,Latin America & Caribbean,Sub-Saharan Africa,Latin America & Caribbean,Europe & Central Asia,Europe & Central Asia,Middle East & North Africa,East Asia & Pacific,Europe & Central Asia,Sub-Saharan Africa,East Asia & Pacific,East Asia & Pacific,Sub-Saharan Africa,East Asia & Pacific,Latin America & Caribbean,Middle East & North Africa,Europe & Central Asia,Europe & Central Asia,Latin America & Caribbean,East Asia & Pacific,Sub-Saharan Africa,Europe & Central Asia,Middle East & North Africa,Europe & Central Asia,North America,Latin America & Caribbean,Europe & Central Asia,East Asia & Pacific,Latin America & Caribbean,East Asia & Pacific,Latin America & Caribbean,Middle East & North Africa,Middle East & North Africa,Sub-Saharan Africa,Sub-Saharan Africa,
Wheat - conventional,N/A for LULC,Lost Ecosystem Services,/ha,Land Use_Wheat - conventional_N/A for LULC_Lost Ecosystem Services,216.64,"5,393.77",946.14,"7,633.69","14,304.44","1,084.17","2,572.60","3,446.22","4,109.80","89,994.85","4,273.30","20,127.11","23,134.86","27,825.78",998.27,"8,899.04",613.42,"6,910.02","12,221.91","8,919.72",888.93,"17,485.93","4,119.57","4,115.84","6,594.46","3,381.07","4,861.22","3,361.62","11,428.34","7,588.28",685.14,"2,322.93","5,494.06","5,495.80","3,561.47","9,999.39","47,631.73",909.14,449.70,"25,048.13","4,842.28","4,544.81","5,530.18","5,402.37","2,913.90","4,053.83","7,058.52","3,291.57","11,836.09","9,115.18","40,584.31","11,743.12","12,992.70","16,120.85",132.42,"4,859.35","7,355.35","6,360.51","3,506.54","5,477.61","6,867.90",952.54,"11,517.52","2,577.00","1,647.83","10,381.60","5,911.09","11,944.43","13,539.58","8,393.06","5,640.46","2,362.78","5,228.01","17,282.49","2,827.42","8,933.33","7,497.92","3,794.50","6,003.91","7,286.19","6,054.06","1,927.20","5,615.37","6,384.23","5,365.96","4,767.85","7,129.04","10,469.50","9,381.30","4,442.07","6,859.97","2,715.83","2,460.79","20,720.33","17,320.50","3,917.65","14,255.92","6,916.96","10,228.07",580.31,"4,411.65","2,113.41","5,428.79","1,621.91","12,588.59","5,563.98",877.81,"1,623.09","5,497.76","9,768.08","2,840.84",732.31,"5,573.87",507.82,"25,291.59","12,147.52","19,934.49","7,230.43","4,250.26","3,094.28","7,942.40","7,016.52",757.64,"9,708.75","5,696.00",475.22,"7,399.75","3,934.74","5,761.04","5,731.36","8,933.33","1,092.21","7,309.88","2,738.05","1,928.82","5,744.96",783.83,"5,936.20","2,812.85","14,668.28","7,496.54","8,273.57","6,731.30",311.40,"2,413.05","7,206.40","7,403.94","12,459.09",866.45,611.84,"6,110.87","9,080.76","5,500.19","2,941.19","4,546.11","5,973.94","12,610.99","9,829.67","7,333.95","1,627.96","11,767.43","7,551.58","2,866.62","5,836.89","11,580.79","5,565.03",855.42,"1,064.37","7,545.88","4,717.68","5,358.23","9,420.41","14,528.81","12,731.70","15,249.60","5,471.48",625.22,"1,548.73","3,707.40","10,400.33","6,312.02","49,173.76","6,956.85","20,364.37","16,927.61",508.45,"6,830.89","13,389.26","22,068.93",828.38,"7,279.73","1,078.27","2,694.81","7,415.88","5,735.61","1,229.76","5,981.01","9,451.18","3,659.41","7,751.86","5,131.44","25,738.48","5,759.44","3,104.20","4,330.65","1,285.75","13,032.36","11,975.02","2,465.37","1,515.18","5,555.53","4,765.29","7,714.15","3,420.82","2,429.90",74.77,"2,188.42",774.33,
"Vegetables, fruit, nuts - conventional",N/A for LULC,Lost Ecosystem Services,/ha,"Land Use_Vegetables, fruit, nuts - conventional_N/A for LULC_Lost Ecosystem Services",248.52,"5,532.57","1,066.71","7,602.21","14,584.00","1,257.12","2,622.54","4,047.22","4,340.44","91,884.20","4,599.26","20,437.75","31,556.02","28,362.22","1,050.97","9,007.02",610.22,"7,049.09","12,396.59","8,917.03","1,033.29","17,827.20","4,221.20","4,380.33","6,781.80","4,355.92","5,014.27","3,368.54","11,401.36","7,793.08",815.05,"2,596.59","5,597.00","5,619.13","3,666.68","10,953.03","48,632.00","1,003.03",553.81,"25,541.35","4,988.27","4,994.09","5,521.32","5,357.23","2,957.64","4,085.06","7,061.26","3,398.16","11,974.08","9,721.29","41,461.76","12,713.20","13,126.22","16,414.34",145.59,"4,836.76","7,453.55","6,454.22","4,693.79","5,544.61","6,851.67","1,057.28","11,759.08","2,812.97","1,777.38","11,432.97","5,890.76","12,525.80","13,801.04","8,369.79","5,715.73","2,518.92","5,356.27","17,526.11","2,972.43","9,225.57","8,120.44","4,219.88","5,975.31","7,243.69","6,074.96","2,032.93","5,821.29","6,368.57","5,435.50","4,806.57","7,281.16","10,736.07","10,810.42","4,701.42","6,842.53","3,313.46","3,183.53","23,121.77","17,658.47","4,138.54","14,590.39","6,917.58","10,519.46",633.19,"5,627.93","2,372.55","5,524.46","1,699.23","12,903.18","5,669.96",925.00,"1,961.58","5,566.83","9,957.20","3,207.68",859.46,"5,562.03",551.42,"25,742.98","12,392.98","20,194.06","7,384.41","4,282.44","3,986.36","7,914.31","6,992.87",947.23,"10,027.41","5,692.06",563.61,"7,366.42","4,085.44","5,752.92","5,900.77","9,225.57","1,199.61","7,463.98","2,847.15","2,171.27","5,822.59",944.32,"5,915.52","2,901.24","14,925.91","7,525.23","8,524.83","6,871.62",379.48,"2,621.83","7,383.34","7,374.30","13,302.39",934.43,673.34,"6,100.85","9,070.39","5,493.04","3,209.16","4,581.13","5,951.13","12,815.98","10,684.56","7,308.32","1,709.39","12,004.35","8,171.80","2,979.45","5,818.32","11,804.38","5,577.44",901.59,"1,219.98","7,674.18","4,707.79","5,352.05","9,390.07","14,656.99","12,903.36","15,446.93","5,443.39",714.06,"1,681.42","4,739.12","10,970.11","6,380.90","49,361.35","6,932.12","20,552.71","16,856.58",596.83,"6,808.59","14,400.40","22,364.09",932.05,"7,362.85","1,240.71","3,224.97","7,533.67","5,809.40","1,356.30","5,961.79","9,407.25","4,720.85","7,981.24","6,922.20","26,287.12","5,739.24","3,690.61","4,508.59","1,352.20","13,328.38","13,216.42","2,754.45","1,929.82","5,536.58","4,836.11","7,799.36","3,521.40","2,504.20",85.31,"2,734.31",911.10,
"Cereals, grains - conventional",N/A for LULC,Lost Ecosystem Services,/ha,"Land Use_Cereals, grains - conventional_N/A for LULC_Lost Ecosystem Services",216.64,"5,393.77",946.14,"7,633.69","14,304.44","1,084.17","2,572.60","3,446.22","4,109.80","89,994.85","4,273.30","20,127.11","23,134.86","27,825.78",998.27,"8,899.04",613.42,"6,910.02","12,221.91","8,919.72",888.93,"17,485.93","4,119.57","4,115.84","6,594.46","3,381.07","4,861.22","3,361.62","11,428.34","7,588.28",685.14,"2,322.93","5,494.06","5,495.80","3,561.47","9,999.39","47,631.73",909.14,449.70,"25,048.13","4,842.28","4,544.81","5,530.18","5,402.37","2,913.90","4,053.83","7,058.52","3,291.57","11,836.09","9,115.18","40,584.31","11,743.12","12,992.70","16,120.85",132.42,"4,859.35","7,355.35","6,360.51","3,506.54","5,477.61","6,867.90",952.54,"11,517.52","2,577.00","1,647.83","10,381.60","5,911.09","11,944.43","13,539.58","8,393.06","5,640.46","2,362.78","5,228.01","17,282.49","2,827.42","8,933.33","7,497.92","3,794.50","6,003.91","7,286.19","6,054.06","1,927.20","5,615.37","6,384.23","5,365.96","4,767.85","7,129.04","10,469.50","9,381.30","4,442.07","6,859.97","2,715.83","2,460.79","20,720.33","17,320.50","3,917.65","14,255.92","6,916.96","10,228.07",580.31,"4,411.65","2,113.41","5,428.79","1,621.91","12,588.59","5,563.98",877.81,"1,623.09","5,497.76","9,768.08","2,840.84",732.31,"5,573.87",507.82,"25,291.59","12,147.52","19,934.49","7,230.43","4,250.26","3,094.28","7,942.40","7,016.52",757.64,"9,708.75","5,696.00",475.22,"7,399.75","3,934.74","5,761.04","5,731.36","8,933.33","1,092.21","7,309.88","2,738.05","1,928.82","5,744.96",783.83,"5,936.20","2,812.85","14,668.28","7,496.54","8,273.57","6,731.30",311.40,"2,413.05","7,206.40","7,403.94","12,459.09",866.45,611.84,"6,110.87","9,080.76","5,500.19","2,941.19","4,546.11","5,973.94","12,610.99","9,829.67","7,333.95","1,627.96","11,767.43","7,551.58","2,866.62","5,836.89","11,580.79","5,565.03",855.42,"1,064.37","7,545.88","4,717.68","5,358.23","9,420.41","14,528.81","12,731.70","15,249.60","5,471.48",625.22,"1,548.73","3,707.40","10,400.33","6,312.02","49,173.76","6,956.85","20,364.37","16,927.61",508.45,"6,830.89","13,389.26","22,068.93",828.38,"7,279.73","1,078.27","2,694.81","7,415.88","5,735.61","1,229.76","5,981.01","9,451.18","3,659.41","7,751.86","5,131.44","25,738.48","5,759.44","3,104.20","4,330.65","1,285.75","13,032.36","11,975.02","2,465.37","1,515.18","5,555.53","4,765.29","7,714.15","3,420.82","2,429.90",74.77,"2,188.42",774.33,
Oilseeds - conventional,N/A for LULC,Lost Ecosystem Services,/ha,Land Use_Oilseeds - conventional_N/A for LULC_Lost Ecosystem Services,216.64,"5,393.77",946.14,"7,633.69","14,304.44","1,084.17","2,572.60","3,446.22","4,109.80","89,994.85","4,273.30","20,127.11","23,134.86","27,825.78",998.27,"8,899.04",613.42,"6,910.02","12,221.91","8,919.72",888.93,"17,485.93","4,119.57","4,115.84","6,594.46","3,381.07","4,861.22","3,361.62","11,428.34","7,588.28",685.14,"2,322.93","5,494.06","5,495.80","3,561.47","9,999.39","47,631.73",909.14,449.70,"25,048.13","4,842.28","4,544.81","5,530.18","5,402.37","2,913.90","4,053.83","7,058.52","3,291.57","11,836.09","9,115.18","40,584.31","11,743.12","12,992.70","16,120.85",132.42,"4,859.35","7,355.35","6,360.51","3,506.54","5,477.61","6,867.90",952.54,"11,517.52","2,577.00","1,647.83","10,381.60","5,911.09","11,944.43","13,539.58","8,393.06","5,640.46","2,362.78","5,228.01","17,282.49","2,827.42","8,933.33","7,497.92","3,794.50","6,003.91","7,286.19","6,054.06","1,927.20","5,615.37","6,384.23","5,365.96","4,767.85","7,129.04","10,469.50","9,381.30","4,442.07","6,859.97","2,715.83","2,460.79","20,720.33","17,320.50","3,917.65","14,255.92","6,916.96","10,228.07",580.31,"4,411.65","2,113.41","5,428.79","1,621.91","12,588.59","5,563.98",877.81,"1,623.09","5,497.76","9,768.08","2,840.84",732.31,"5,573.87",507.82,"25,291.59","12,147.52","19,934.49","7,230.43","4,250.26","3,094.28","7,942.40","7,016.52",757.64,"9,708.75","5,696.00",475.22,"7,399.75","3,934.74","5,761.04","5,731.36","8,933.33","1,092.21","7,309.88","2,738.05","1,928.82","5,744.96",783.83,"5,936.20","2,812.85","14,668.28","7,496.54","8,273.57","6,731.30",311.40,"2,413.05","7,206.40","7,403.94","12,459.09",866.45,611.84,"6,110.87","9,080.76","5,500.19","2,941.19","4,546.11","5,973.94","12,610.99","9,829.67","7,333.95","1,627.96","11,767.43","7,551.58","2,866.62","5,836.89","11,580.79","5,565.03",855.42,"1,064.37","7,545.88","4,717.68","5,358.23","9,420.41","14,528.81","12,731.70","15,249.60","5,471.48",625.22,"1,548.73","3,707.40","10,400.33","6,312.02","49,173.76","6,956.85","20,364.37","16,927.61",508.45,"6,830.89","13,389.26","22,068.93",828.38,"7,279.73","1,078.27","2,694.81","7,415.88","5,735.61","1,229.76","5,981.01","9,451.18","3,659.41","7,751.86","5,131.44","25,738.48","5,759.44","3,104.20","4,330.65","1,285.75","13,032.36","11,975.02","2,465.37","1,515.18","5,555.53","4,765.29","7,714.15","3,420.82","2,429.90",74.77,"2,188.42",774.33,
"Sugarcane, sugarbeet - conventional",N/A for LULC,Lost Ecosystem Services,/ha,"Land Use_Sugarcane, sugarbeet - conventional_N/A for LULC_Lost Ecosystem Services",216.64,"5,393.77",946.14,"7,633.69","14,304.44","1,084.17","2,572.60","3,446.22","4,109.80","89,994.85","4,273.30","20,127.11","23,134.86","27,825.78",998.27,"8,899.04",613.42,"6,910.02","12,221.91","8,919.72",888.93,"17,485.93","4,119.57","4,115.84","6,594.46","3,381.07","4,861.22","3,361.62","11,428.34","7,588.28",685.14,"2,322.93","5,494.06","5,495.80","3,561.47","9,999.39","47,631.73",909.14,449.70,"25,048.13","4,842.28","4,544.81","5,530.18","5,402.37","2,913.90","4,053.83","7,058.52","3,291.57","11,836.09","9,115.18","40,584.31","11,743.12","12,992.70","16,120.85",132.42,"4,859.35","7,355.35","6,360.51","3,506.54","5,477.61","6,867.90",952.54,"11,517.52","2,577.00","1,647.83","10,381.60","5,911.09","11,944.43","13,539.58","8,393.06","5,640.46","2,362.78","5,228.01","17,282.49","2,827.42","8,933.33","7,497.92","3,794.50","6,003.91","7,286.19","6,054.06","1,927.20","5,615.37","6,384.23","5,365.96","4,767.85","7,129.04","10,469.50","9,381.30","4,442.07","6,859.97","2,715.83","2,460.79","20,720.33","17,320.50","3,917.65","14,255.92","6,916.96","10,228.07",580.31,"4,411.65","2,113.41","5,428.79","1,621.91","12,588.59","5,563.98",877.81,"1,623.09","5,497.76","9,768.08","2,840.84",732.31,"5,573.87",507.82,"25,291.59","12,147.52","19,934.49","7,230.43","4,250.26","3,094.28","7,942.40","7,016.52",757.64,"9,708.75","5,696.00",475.22,"7,399.75","3,934.74","5,761.04","5,731.36","8,933.33","1,092.21","7,309.88","2,738.05","1,928.82","5,744.96",783.83,"5,936.20","2,812.85","14,668.28","7,496.54","8,273.57","6,731.30",311.40,"2,413.05","7,206.40","7,403.94","12,459.09",866.45,611.84,"6,110.87","9,080.76","5,500.19","2,941.19","4,546.11","5,973.94","12,610.99","9,829.67","7,333.95","1,627.96","11,767.43","7,551.58","2,866.62","5,836.89","11,580.79","5,565.03",855.42,"1,064.37","7,545.88","4,717.68","5,358.23","9,420.41","14,528.81","12,731.70","15,249.60","5,471.48",625.22,"1,548.73","3,707.40","10,400.33","6,312.02","49,173.76","6,956.85","20,364.37","16,927.61",508.45,"6,830.89","13,389.26","22,068.93",828.38,"7,279.73","1,078.27","2,694.81","7,415.88","5,735.61","1,229.76","5,981.01","9,451.18","3,659.41","7,751.86","5,131.44","25,738.48","5,759.44","3,104.20","4,330.65","1,285.75","13,032.36","11,975.02","2,465.37","1,515.18","5,555.53","4,765.29","7,714.15","3,420.82","2,429.90",74.77,"2,188.42",774.33,
Plant-based fibers - conventional,N/A for LULC,Lost Ecosystem Services,/ha,Land Use_Plant-based fibers - conventional_N/A for LULC_Lost Ecosystem Services,216.64,"5,393.77",946.14,"7,633.69","14,304.44","1,084.17","2,572.60","3,446.22","4,109.80","89,994.85","4,273.30","20,127.11","23,134.86","27,825.78",998.27,"8,899.04",613.42,"6,910.02","12,221.91","8,919.72",888.93,"17,485.93","4,119.57","4,115.84","6,594.46","3,381.07","4,861.22","3,361.62","11,428.34","7,588.28",685.14,"2,322.93","5,494.06","5,495.80","3,561.47","9,999.39","47,631.73",909.14,449.70,"25,048.13","4,842.28","4,544.81","5,530.18","5,402.37","2,913.90","4,053.83","7,058.52","3,291.57","11,836.09","9,115.18","40,584.31","11,743.12","12,992.70","16,120.85",132.42,"4,859.35","7,355.35","6,360.51","3,506.54","5,477.61","6,867.90",952.54,"11,517.52","2,577.00","1,647.83","10,381.60","5,911.09","11,944.43","13,539.58","8,393.06","5,640.46","2,362.78","5,228.01","17,282.49","2,827.42","8,933.33","7,497.92","3,794.50","6,003.91","7,286.19","6,054.06","1,927.20","5,615.37","6,384.23","5,365.96","4,767.85","7,129.04","10,469.50","9,381.30","4,442.07","6,859.97","2,715.83","2,460.79","20,720.33","17,320.50","3,917.65","14,255.92","6,916.96","10,228.07",580.31,"4,411.65","2,113.41","5,428.79","1,621.91","12,588.59","5,563.98",877.81,"1,623.09","5,497.76","9,768.08","2,840.84",732.31,"5,573.87",507.82,"25,291.59","12,147.52","19,934.49","7,230.43","4,250.26","3,094.28","7,942.40","7,016.52",757.64,"9,708.75","5,696.00",475.22,"7,399.75","3,934.74","5,761.04","5,731.36","8,933.33","1,092.21","7,309.88","2,738.05","1,928.82","5,744.96",783.83,"5,936.20","2,812.85","14,668.28","7,496.54","8,273.57","6,731.30",311.40,"2,413.05","7,206.40","7,403.94","12,459.09",866.45,611.84,"6,110.87","9,080.76","5,500.19","2,941.19","4,546.11","5,973.94","12,610.99","9,829.67","7,333.95","1,627.96","11,767.43","7,551.58","2,866.62","5,836.89","11,580.79","5,565.03",855.42,"1,064.37","7,545.88","4,717.68","5,358.23","9,420.41","14,528.81","12,731.70","15,249.60","5,471.48",625.22,"1,548.73","3,707.40","10,400.33","6,312.02","49,173.76","6,956.85","20,364.37","16,927.61",508.45,"6,830.89","13,389.26","22,068.93",828.38,"7,279.73","1,078.27","2,694.81","7,415.88","5,735.61","1,229.76","5,981.01","9,451.18","3,659.41","7,751.86","5,131.44","25,738.48","5,759.44","3,104.20","4,330.65","1,285.75","13,032.36","11,975.02","2,465.37","1,515.18","5,555.53","4,765.29","7,714.15","3,420.82","2,429.90",74.77,"2,188.42",774.33,
Other crops - conventional,N/A for LULC,Lost Ecosystem Services,/ha,Land Use_Other crops - conventional_N/A for LULC_Lost Ecosystem Services,216.64,"5,393.77",946.14,"7,633.69","14,304.44","1,084.17","2,572.60","3,446.22","4,109.80","89,994.85","4,273.30","20,127.11","23,134.86","27,825.78",998.27,"8,899.04",613.42,"6,910.02","12,221.91","8,919.72",888.93,"17,485.93","4,119.57","4,115.84","6,594.46","3,381.07","4,861.22","3,361.62","11,428.34","7,588.28",685.14,"2,322.93","5,494.06","5,495.80","3,561.47","9,999.39","47,631.73",909.14,449.70,"25,048.13","4,842.28","4,544.81","5,530.18","5,402.37","2,913.90","4,053.83","7,058.52","3,291.57","11,836.09","9,115.18","40,584.31","11,743.12","12,992.70","16,120.85",132.42,"4,859.35","7,355.35","6,360.51","3,506.54","5,477.61","6,867.90",952.54,"11,517.52","2,577.00","1,647.83","10,381.60","5,911.09","11,944.43","13,539.58","8,393.06","5,640.46","2,362.78","5,228.01","17,282.49","2,827.42","8,933.33","7,497.92","3,794.50","6,003.91","7,286.19","6,054.06","1,927.20","5,615.37","6,384.23","5,365.96","4,767.85","7,129.04","10,469.50","9,381.30","4,442.07","6,859.97","2,715.83","2,460.79","20,720.33","17,320.50","3,917.65","14,255.92","6,916.96","10,228.07",580.31,"4,411.65","2,113.41","5,428.79","1,621.91","12,588.59","5,563.98",877.81,"1,623.09","5,497.76","9,768.08","2,840.84",732.31,"5,573.87",507.82,"25,291.59","12,147.52","19,934.49","7,230.43","4,250.26","3,094.28","7,942.40","7,016.52",757.64,"9,708.75","5,696.00",475.22,"7,399.75","3,934.74","5,761.04","5,731.36","8,933.33","1,092.21","7,309.88","2,738.05","1,928.82","5,744.96",783.83,"5,936.20","2,812.85","14,668.28","7,496.54","8,273.57","6,731.30",311.40,"2,413.05","7,206.40","7,403.94","12,459.09",866.45,611.84,"6,110.87","9,080.76","5,500.19","2,941.19","4,546.11","5,973.94","12,610.99","9,829.67","7,333.95","1,627.96","11,767.43","7,551.58","2,866.62","5,836.89","11,580.79","5,565.03",855.42,"1,064.37","7,545.88","4,717.68","5,358.23","9,420.41","14,528.81","12,731.70","15,249.60","5,471.48",625.22,"1,548.73","3,707.40","10,400.33","6,312.02","49,173.76","6,956.85","20,364.37","16,927.61",508.45,"6,830.89","13,389.26","22,068.93",828.38,"7,279.73","1,078.27","2,694.81","7,415.88","5,735.61","1,229.76","5,981.01","9,451.18","3,659.41","7,751.86","5,131.44","25,738.48","5,759.44","3,104.20","4,330.65","1,285.75","13,032.36","11,975.02","2,465.37","1,515.18","5,555.53","4,765.29","7,714.15","3,420.82","2,429.90",74.77,"2,188.42",774.33,
Other crops - organic,N/A for LULC,Lost Ecosystem Services,/ha,Land Use_Other crops - organic_N/A for LULC_Lost Ecosystem Services,200.56,"4,847.32",870.28,"7,147.99","12,624.47","1,007.78","2,451.59","3,153.96","3,710.03","83,871.68","3,994.93","17,736.64","19,732.03","25,790.34",976.74,"8,256.85",597.33,"6,097.82","10,768.43","8,270.07",826.02,"15,369.94","3,797.87","3,804.66","5,812.83","3,014.43","4,511.17","3,203.31","10,692.53","6,697.20",631.76,"2,132.39","5,164.04","5,147.53","3,325.29","8,855.68","44,360.77",839.10,407.11,"22,030.41","4,421.77","4,153.30","5,157.26","5,017.50","2,713.66","3,795.10","6,572.78","3,093.69","10,466.78","8,386.29","37,720.58","10,582.25","11,456.11","14,177.61",127.01,"4,541.96","6,798.62","5,887.89","3,069.97","5,104.07","6,401.03",884.73,"10,134.35","2,424.23","1,535.74","9,797.65","5,520.46","10,445.05","11,936.88","7,866.58","5,293.64","2,179.54","4,644.87","15,211.19","2,652.59","8,126.70","6,731.39","3,605.95","5,613.36","6,817.02","5,602.30","1,796.54","5,179.89","5,971.62","5,000.02","4,423.38","6,704.45","9,206.31","8,256.47","4,134.48","6,391.60","2,427.65","2,171.45","17,794.40","15,224.93","3,595.02","12,735.16","6,450.88","8,991.10",541.45,"3,935.69","1,951.81","5,102.53","1,495.97","11,352.96","4,983.33",858.51,"1,461.12","5,136.56","8,604.50","2,563.28",670.81,"5,197.80",479.69,"22,223.32","10,688.42","17,543.08","6,800.67","3,972.49","2,719.30","7,411.65","6,565.88",680.93,"8,829.30","5,324.37",439.57,"6,921.16","3,652.01","5,381.64","5,101.09","8,126.70","1,020.15","6,460.33","2,513.39","1,769.61","5,353.24",721.12,"5,544.69","2,613.64","12,905.77","6,997.33","7,400.78","6,182.58",283.48,"2,243.17","6,425.85","6,931.07","11,252.52",838.59,568.88,"5,712.13","8,460.94","5,111.88","2,731.37","4,230.82","5,574.85","11,104.86","8,857.38","6,838.10","1,594.68","10,440.45","6,698.69","2,684.30","5,447.45","10,193.76","5,208.00",836.54,989.82,"6,660.96","4,430.81","4,963.81","8,838.18","13,470.29","11,218.56","13,430.81","5,102.95",574.85,"1,452.68","3,291.15","9,384.64","5,909.78","45,507.03","6,512.11","18,892.75","15,650.25",471.69,"6,367.05","11,668.70","19,513.58",761.96,"6,754.62","1,006.37","2,434.81","6,952.66","5,391.45","1,145.79","5,587.38","8,813.93","3,224.05","7,047.83","4,470.76","23,867.84","5,377.61","2,774.81","3,893.53","1,258.60","11,457.49","10,680.72","2,284.49","1,355.31","5,183.61","4,445.37","7,181.96","3,229.50","2,230.37",70.45,"1,946.07",715.46,
Other crops - sustainable,N/A for LULC,Lost Ecosystem Services,/ha,Land Use_Other crops - sustainable_N/A for LULC_Lost Ecosystem Services,187.30,"4,414.96",814.06,"6,889.65","11,544.99",947.51,"2,364.42","2,940.54","3,452.08","79,367.03","3,791.85","16,234.43","17,228.74","24,344.43",960.89,"7,751.35",588.21,"5,601.98","9,881.08","7,904.08",779.74,"14,078.12","3,478.12","3,583.71","5,332.09","2,744.70","4,287.50","3,109.95","10,301.15","6,143.35",592.48,"1,985.14","4,921.14","4,907.80","3,163.58","8,045.99","41,954.42",787.75,375.78,"20,148.11","4,086.45","3,828.67","4,948.16","4,808.51","2,585.33","3,630.90","6,292.85","2,950.40","9,592.99","7,885.18","35,613.82","9,510.17","10,517.89","12,991.25",123.04,"4,373.15","6,461.38","5,590.44","2,748.81","4,828.39","6,147.12",834.84,"9,289.92","2,291.96","1,449.66","9,369.41","5,312.57","9,529.41","10,927.92","7,586.01","5,051.12","2,044.73","4,280.01","13,946.48","2,525.67","7,323.54","6,059.37","3,418.47","5,405.31","6,567.47","5,322.05","1,705.00","4,861.60","5,749.68","4,764.23","4,201.03","6,281.67","8,435.11","7,286.26","3,890.67","6,137.77","2,206.07","1,951.91","16,008.12","13,945.57","3,337.22","11,594.03","6,184.12","8,236.04",512.71,"3,591.53","1,834.05","4,862.51","1,371.68","10,267.50","4,563.81",844.32,"1,328.40","4,862.19","7,894.11","2,286.90",616.75,"4,992.56",458.98,"20,347.67","9,797.56","16,083.12","6,372.76","3,765.59","2,403.75","7,129.06","6,326.19",624.50,"7,953.62","5,114.79",413.35,"6,660.27","3,438.26","5,179.84","4,712.68","7,323.54",963.46,"5,924.95","2,335.85","1,649.52","5,055.24",674.98,"5,336.45","2,415.53","11,829.75","6,700.19","6,847.64","5,856.63",262.94,"2,121.73","5,918.82","6,679.55","10,480.77",818.10,537.06,"5,500.03","8,117.08","4,900.32","2,590.70","4,027.65","5,358.00","10,185.34","7,890.54","6,562.57","1,570.21","9,615.58","6,108.44","2,539.59","5,239.58","9,346.97","4,985.81",822.65,934.99,"6,119.84","4,269.82","4,740.09","8,528.50","12,816.14","10,294.08","12,319.57","4,906.81",537.79,"1,380.06","2,984.81","8,579.85","5,657.41","43,360.68","6,275.55","17,983.31","14,970.82",444.64,"6,120.33","10,608.84","17,833.32",710.89,"6,381.45",942.36,"2,239.40","6,630.43","5,138.71","1,084.01","5,378.01","8,473.03","2,896.29","6,452.26","3,983.56","22,504.07","5,174.51","2,547.50","3,618.96","1,238.63","10,495.65","9,800.30","2,174.06","1,234.26","4,985.52","4,245.79","6,780.30","3,093.95","2,054.03",67.26,"1,737.67",668.42,
"Bovine, sheep, goats, horses - conventional",N/A for LULC,Lost Ecosystem Services,/ha,"Land Use_Bovine, sheep, goats, horses - conventional_N/A for LULC_Lost Ecosystem Services",244.66,"5,331.72",885.10,"6,955.96","13,680.26","1,198.05","2,474.38","3,353.69","4,122.32","82,212.07","4,329.21","19,084.57","13,979.64","25,280.67","1,032.41","8,519.05",616.81,"6,588.61","11,543.28","7,993.82",982.49,"16,616.35","4,161.98","3,771.47","6,362.39","2,591.98","4,391.97","3,199.46","10,337.64","7,299.08",773.77,"2,218.19","5,184.75","5,211.92","3,328.37","9,552.25","43,526.22",932.84,476.40,"23,856.74","4,720.74","4,505.97","5,088.14","5,012.92","2,716.44","3,771.02","6,486.01","3,163.59","11,197.56","7,763.82","36,978.30","12,474.45","12,204.30","15,295.09",141.27,"4,420.38","6,601.69","5,799.53","2,215.29","5,048.94","6,210.22",991.88,"10,975.18","2,785.82","1,684.07","11,549.66","5,360.89","11,794.95","12,912.81","7,646.79","5,268.09","2,273.72","5,024.45","16,306.90","2,774.93","9,094.16","7,969.50","4,351.26","5,466.64","6,652.19","5,605.92","1,896.44","5,183.96","5,798.25","4,967.37","4,406.13","7,223.68","10,037.36","10,964.14","4,327.96","6,219.87","2,356.40","1,825.77","22,164.56","16,459.32","3,874.27","13,876.23","6,279.12","9,846.21",594.17,"3,374.04","2,016.99","5,114.83","1,694.38","12,532.13","5,379.27",908.42,"1,649.98","5,294.27","9,292.86","3,287.72",888.42,"5,045.34",497.54,"23,972.60","11,562.53","18,778.40","7,326.14","4,017.79","2,773.89","7,181.70","6,378.58",724.03,"9,883.95","5,180.10",494.34,"6,795.12","3,810.15","5,204.60","5,546.36","9,094.16","1,152.86","7,002.49","2,641.10","1,869.01","5,525.47",738.09,"5,382.76","2,878.37","13,907.77","6,996.00","8,082.89","5,704.23",344.77,"2,340.75","6,853.12","6,742.50","12,890.32",911.55,579.32,"5,528.38","8,223.18","5,019.79","2,967.65","4,243.98","5,444.86","11,940.63","10,755.16","6,702.08","1,680.47","11,177.40","7,387.95","2,830.07","5,299.75","11,011.36","5,117.73",885.38,"1,152.74","7,163.84","4,351.47","4,849.79","8,594.56","13,037.06","12,011.85","14,371.59","4,968.49",667.50,"1,612.84","3,126.01","10,319.71","5,941.96","43,802.00","6,329.51","18,264.78","14,969.16",568.11,"6,158.95","12,781.07","20,974.56",883.29,"7,096.94","1,255.67","2,391.46","6,955.54","5,391.12","1,273.76","5,421.87","8,548.07","3,242.89","7,632.30","3,242.23","23,418.28","5,219.83","2,565.12","4,255.23","1,328.72","12,443.72","11,110.71","2,746.03","1,220.50","5,035.03","4,368.61","7,362.16","3,287.39","2,397.18",81.95,"2,059.85",892.62,
"Bovine, sheep, goats, horses - organic",N/A for LULC,Lost Ecosystem Services,/ha,"Land Use_Bovine, sheep, goats, horses - organic_N/A for LULC_Lost Ecosystem Services",235.64,"5,074.47",840.43,"6,705.89","12,992.99","1,154.44","2,403.61","3,203.49","3,948.64","78,589.70","4,170.38","18,120.11","12,110.46","24,099.14","1,019.67","8,183.07",608.36,"6,266.65","10,967.11","7,653.37",945.28,"15,777.54","3,981.92","3,600.07","6,051.15","2,375.08","4,205.36","3,115.12","9,958.79","6,939.13",742.19,"2,108.47","4,989.57","5,013.05","3,194.62","9,052.80","41,591.17",891.49,451.21,"22,644.78","4,501.33","4,299.07","4,901.11","4,820.82","2,607.17","3,628.90","6,240.48","3,047.54","10,639.81","7,348.22","35,284.17","11,828.71","11,595.00","14,524.77",138.08,"4,256.97","6,312.97","5,563.34","1,957.03","4,828.49","5,969.23",951.78,"10,426.87","2,700.57","1,620.19","11,289.03","5,160.05","11,200.47","12,264.89","7,376.39","5,068.42","2,165.32","4,786.52","15,485.67","2,672.25","8,642.58","7,565.09","4,245.78","5,265.47","6,410.63","5,378.16","1,821.14","4,927.26","5,585.30","4,767.87","4,221.67","6,985.98","9,536.59","10,400.10","4,155.30","5,981.40","2,190.64","1,657.67","21,004.69","15,628.61","3,690.93","13,174.46","6,034.30","9,355.74",571.26,"3,105.81","1,925.20","4,921.82","1,624.37","11,903.98","5,118.63",897.01,"1,566.10","5,102.12","8,831.60","3,132.33",856.87,"4,850.26",480.92,"22,755.35","10,984.09","17,830.42","7,085.55","3,867.63","2,563.70","6,909.16","6,146.56",678.65,"9,391.60","4,985.27",473.25,"6,549.39","3,650.50","5,009.26","5,291.48","8,642.58","1,111.68","6,659.13","2,512.94","1,776.21","5,318.01",700.99,"5,181.19","2,766.86","13,209.10","6,749.30","7,728.26","5,411.39",328.26,"2,241.91","6,510.33","6,499.04","12,398.13",895.08,554.57,"5,323.08","7,904.19","4,830.33","2,861.45","4,085.58","5,239.93","11,343.58","10,210.94","6,443.52","1,660.79","10,631.10","7,019.53","2,726.73","5,101.16","10,461.52","4,925.26",874.21,"1,108.64","6,812.60","4,201.32","4,642.63","8,294.79","12,463.95","11,411.75","13,650.27","4,779.06",637.70,"1,559.31","2,879.83","9,780.17","5,723.27","41,853.89","6,100.53","17,468.01","14,311.48",546.36,"5,920.13","12,095.32","19,913.79",844.96,"6,860.87","1,215.65","2,241.09","6,691.66","5,190.58","1,224.09","5,219.20","8,219.44","2,988.89","7,262.34","2,851.98","22,317.13","5,023.23","2,378.44","4,071.11","1,312.65","11,819.28","10,522.52","2,674.32","1,127.50","4,844.25","4,195.79","7,082.92","3,176.49","2,286.06",79.39,"1,924.49",859.17,
"Bovine, sheep, goats, horses - sustainable",N/A for LULC,Lost Ecosystem Services,/ha,"Land Use_Bovine, sheep, goats, horses - sustainable_N/A for LULC_Lost Ecosystem Services",232.96,"4,971.57",830.29,"6,650.32","12,718.09","1,142.80","2,387.88","3,158.32","3,886.15","77,784.73","4,132.41","17,734.32","11,618.17","23,836.58","1,016.84","8,074.49",606.48,"6,137.86","10,736.64","7,577.71",937.01,"15,442.02","3,910.07","3,557.05","5,926.65","2,326.88","4,160.83","3,096.37","9,874.60","6,797.19",735.17,"2,080.60","4,946.14","4,968.85","3,164.50","8,853.83","41,161.16",882.30,445.61,"22,159.99","4,429.10","4,228.86","4,855.86","4,774.94","2,582.28","3,597.32","6,180.79","3,021.75","10,416.71","7,255.67","34,907.69","11,596.52","11,351.37","14,216.64",137.37,"4,220.66","6,243.60","5,499.71","1,899.64","4,779.00","5,915.27",942.86,"10,207.55","2,673.03","1,603.72","11,184.78","5,115.28","10,962.69","12,006.14","7,315.95","5,024.05","2,141.23","4,693.70","15,157.23","2,649.44","8,461.95","7,415.42","4,203.62","5,220.77","6,356.95","5,318.63","1,804.41","4,870.21","5,537.90","4,722.11","4,177.52","6,890.90","9,336.30","10,174.49","4,107.06","5,926.66","2,148.75","1,616.94","20,540.74","15,296.33","3,640.53","12,903.00","5,979.54","9,159.67",566.09,"3,040.65","1,903.04","4,878.93","1,596.36","11,652.72","5,017.47",894.47,"1,536.93","5,045.10","8,647.09","3,070.17",844.46,"4,806.91",477.21,"22,268.45","10,752.72","17,451.23","6,989.31","3,825.83","2,499.34","6,848.24","6,095.00",668.57,"9,194.66","4,941.98",468.56,"6,493.71","3,609.37","4,965.85","5,192.10","8,461.95","1,100.76","6,521.79","2,478.58","1,754.09","5,255.72",692.75,"5,136.39","2,722.33","12,929.63","6,685.00","7,586.87","5,346.15",324.59,"2,219.89","6,388.54","6,444.93","12,201.26",891.41,548.66,"5,277.46","7,831.43","4,782.99","2,831.80","4,042.19","5,193.57","11,104.75","9,993.63","6,386.01","1,656.42","10,422.91","6,873.92","2,698.45","5,056.11","10,241.59","4,881.50",871.73,"1,098.84","6,672.18","4,167.96","4,596.58","8,228.17","12,335.82","11,171.71","13,361.74","4,736.81",631.07,"1,545.13","2,825.06","9,610.63","5,674.12","41,420.98","6,049.64","17,289.87","14,165.33",541.53,"5,867.06","11,821.02","19,489.48",835.35,"6,771.27","1,202.08","2,204.75","6,631.91","5,144.45","1,213.05","5,174.16","8,146.41","2,928.62","7,131.50","2,764.65","22,072.43","4,979.55","2,336.09","4,003.03","1,309.08","11,569.51","10,315.74","2,645.64","1,105.10","4,801.51","4,156.62","6,998.28","3,151.84","2,248.85",78.82,"1,881.31",849.98,
Cashmere - conventional,N/A for LULC,Lost Ecosystem Services,/ha,Land Use_Cashmere - conventional_N/A for LULC_Lost Ecosystem Services,253.69,"5,588.97",929.78,"7,206.03","14,367.52","1,241.66","2,545.15","3,503.89","4,296.00","85,834.44","4,488.04","20,049.04","15,848.83","26,462.20","1,045.15","8,855.04",625.25,"6,910.57","12,119.45","8,334.27","1,019.71","17,455.15","4,342.03","3,942.88","6,673.63","2,808.87","4,578.58","3,283.81","10,716.49","7,659.02",805.35,"2,327.90","5,379.92","5,410.79","3,462.12","10,051.69","45,461.27",974.20,501.59,"25,068.71","4,940.16","4,712.86","5,275.17","5,205.02","2,825.70","3,913.14","6,731.53","3,279.64","11,755.31","8,179.42","38,672.44","13,120.19","12,813.61","16,065.42",144.47,"4,583.80","6,890.40","6,035.72","2,473.56","5,269.40","6,451.22","1,031.97","11,523.48","2,871.06","1,747.95","11,810.28","5,561.73","12,389.42","13,560.72","7,917.20","5,467.75","2,382.13","5,262.37","17,128.13","2,877.60","9,545.73","8,373.91","4,456.74","5,667.81","6,893.75","5,833.68","1,971.73","5,440.66","6,011.20","5,166.87","4,590.59","7,461.39","10,538.12","11,528.18","4,500.63","6,458.34","2,522.16","1,993.88","23,324.42","17,290.03","4,057.61","14,578.00","6,523.95","10,336.68",617.08,"3,642.27","2,108.78","5,307.84","1,764.40","13,160.28","5,639.91",919.84,"1,733.87","5,486.42","9,754.12","3,443.12",919.96,"5,240.43",514.17,"25,189.86","12,140.96","19,726.38","7,566.73","4,167.95","2,984.08","7,454.25","6,610.60",769.41,"10,376.30","5,374.93",515.43,"7,040.86","3,969.80","5,399.95","5,801.24","9,545.73","1,194.03","7,345.85","2,769.27","1,961.80","5,732.93",775.18,"5,584.34","2,989.87","14,606.45","7,242.70","8,437.53","5,997.06",361.29,"2,439.59","7,195.92","6,985.97","13,382.51",928.03,604.06,"5,733.69","8,542.16","5,209.26","3,073.86","4,402.37","5,649.79","12,537.69","11,299.38","6,960.65","1,700.15","11,723.70","7,756.37","2,933.41","5,498.34","11,561.19","5,310.20",896.55,"1,196.84","7,515.08","4,501.61","5,056.96","8,894.34","13,610.17","12,611.95","15,092.92","5,157.91",697.30,"1,666.36","3,372.19","10,859.24","6,160.64","45,750.11","6,558.50","19,061.55","15,626.84",589.86,"6,397.78","13,466.82","22,035.33",921.63,"7,333.00","1,295.69","2,541.82","7,219.41","5,591.66","1,323.44","5,624.54","8,876.70","3,496.90","8,002.26","3,632.47","24,519.43","5,416.42","2,751.81","4,439.34","1,344.78","13,068.16","11,698.90","2,817.73","1,313.49","5,225.81","4,541.44","7,641.40","3,398.29","2,508.30",84.51,"2,195.22",926.08,
Cashmere - organic,N/A for LULC,Lost Ecosystem Services,/ha,Land Use_Cashmere - organic_N/A for LULC_Lost Ecosystem Services,235.64,"5,074.47",840.43,"6,705.89","12,992.99","1,154.44","2,403.61","3,203.49","3,948.64","78,589.70","4,170.38","18,120.11","12,110.46","24,099.14","1,019.67","8,183.07",608.36,"6,266.65","10,967.11","7,653.37",945.28,"15,777.54","3,981.92","3,600.07","6,051.15","2,375.08","4,205.36","3,115.12","9,958.79","6,939.13",742.19,"2,108.47","4,989.57","5,013.05","3,194.62","9,052.80","41,591.17",891.49,451.21,"22,644.78","4,501.33","4,299.07","4,901.11","4,820.82","2,607.17","3,628.90","6,240.48","3,047.54","10,639.81","7,348.22","35,284.17","11,828.71","11,595.00","14,524.77",138.08,"4,256.97","6,312.97","5,563.34","1,957.03","4,828.49","5,969.23",951.78,"10,426.87","2,700.57","1,620.19","11,289.03","5,160.05","11,200.47","12,264.89","7,376.39","5,068.42","2,165.32","4,786.52","15,485.67","2,672.25","8,642.58","7,565.09","4,245.78","5,265.47","6,410.63","5,378.16","1,821.14","4,927.26","5,585.30","4,767.87","4,221.67","6,985.98","9,536.59","10,400.10","4,155.30","5,981.40","2,190.64","1,657.67","21,004.69","15,628.61","3,690.93","13,174.46","6,034.30","9,355.74",571.26,"3,105.81","1,925.20","4,921.82","1,624.37","11,903.98","5,118.63",897.01,"1,566.10","5,102.12","8,831.60","3,132.33",856.87,"4,850.26",480.92,"22,755.35","10,984.09","17,830.42","7,085.55","3,867.63","2,563.70","6,909.16","6,146.56",678.65,"9,391.60","4,985.27",473.25,"6,549.39","3,650.50","5,009.26","5,291.48","8,642.58","1,111.68","6,659.13","2,512.94","1,776.21","5,318.01",700.99,"5,181.19","2,766.86","13,209.10","6,749.30","7,728.26","5,411.39",328.26,"2,241.91","6,510.33","6,499.04","12,398.13",895.08,554.57,"5,323.08","7,904.19","4,830.33","2,861.45","4,085.58","5,239.93","11,343.58","10,210.94","6,443.52","1,660.79","10,631.10","7,019.53","2,726.73","5,101.16","10,461.52","4,925.26",874.21,"1,108.64","6,812.60","4,201.32","4,642.63","8,294.79","12,463.95","11,411.75","13,650.27","4,779.06",637.70,"1,559.31","2,879.83","9,780.17","5,723.27","41,853.89","6,100.53","17,468.01","14,311.48",546.36,"5,920.13","12,095.32","19,913.79",844.96,"6,860.87","1,215.65","2,241.09","6,691.66","5,190.58","1,224.09","5,219.20","8,219.44","2,988.89","7,262.34","2,851.98","22,317.13","5,023.23","2,378.44","4,071.11","1,312.65","11,819.28","10,522.52","2,674.32","1,127.50","4,844.25","4,195.79","7,082.92","3,176.49","2,286.06",79.39,"1,924.49",859.17,
Cashmere - sustainable,N/A for LULC,Lost Ecosystem Services,/ha,Land Use_Cashmere - sustainable_N/A for LULC_Lost Ecosystem Services,232.96,"4,971.57",830.29,"6,650.32","12,718.09","1,142.80","2,387.88","3,158.32","3,886.15","77,784.73","4,132.41","17,734.32","11,618.17","23,836.58","1,016.84","8,074.49",606.48,"6,137.86","10,736.64","7,577.71",937.01,"15,442.02","3,910.07","3,557.05","5,926.65","2,326.88","4,160.83","3,096.37","9,874.60","6,797.19",735.17,"2,080.60","4,946.14","4,968.85","3,164.50","8,853.83","41,161.16",882.30,445.61,"22,159.99","4,429.10","4,228.86","4,855.86","4,774.94","2,582.28","3,597.32","6,180.79","3,021.75","10,416.71","7,255.67","34,907.69","11,596.52","11,351.37","14,216.64",137.37,"4,220.66","6,243.60","5,499.71","1,899.64","4,779.00","5,915.27",942.86,"10,207.55","2,673.03","1,603.72","11,184.78","5,115.28","10,962.69","12,006.14","7,315.95","5,024.05","2,141.23","4,693.70","15,157.23","2,649.44","8,461.95","7,415.42","4,203.62","5,220.77","6,356.95","5,318.63","1,804.41","4,870.21","5,537.90","4,722.11","4,177.52","6,890.90","9,336.30","10,174.49","4,107.06","5,926.66","2,148.75","1,616.94","20,540.74","15,296.33","3,640.53","12,903.00","5,979.54","9,159.67",566.09,"3,040.65","1,903.04","4,878.93","1,596.36","11,652.72","5,017.47",894.47,"1,536.93","5,045.10","8,647.09","3,070.17",844.46,"4,806.91",477.21,"22,268.45","10,752.72","17,451.23","6,989.31","3,825.83","2,499.34","6,848.24","6,095.00",668.57,"9,194.66","4,941.98",468.56,"6,493.71","3,609.37","4,965.85","5,192.10","8,461.95","1,100.76","6,521.79","2,478.58","1,754.09","5,255.72",692.75,"5,136.39","2,722.33","12,929.63","6,685.00","7,586.87","5,346.15",324.59,"2,219.89","6,388.54","6,444.93","12,201.26",891.41,548.66,"5,277.46","7,831.43","4,782.99","2,831.80","4,042.19","5,193.57","11,104.75","9,993.63","6,386.01","1,656.42","10,422.91","6,873.92","2,698.45","5,056.11","10,241.59","4,881.50",871.73,"1,098.84","6,672.18","4,167.96","4,596.58","8,228.17","12,335.82","11,171.71","13,361.74","4,736.81",631.07,"1,545.13","2,825.06","9,610.63","5,674.12","41,420.98","6,049.64","17,289.87","14,165.33",541.53,"5,867.06","11,821.02","19,489.48",835.35,"6,771.27","1,202.08","2,204.75","6,631.91","5,144.45","1,213.05","5,174.16","8,146.41","2,928.62","7,131.50","2,764.65","22,072.43","4,979.55","2,336.09","4,003.03","1,309.08","11,569.51","10,315.74","2,645.64","1,105.10","4,801.51","4,156.62","6,998.28","3,151.84","2,248.85",78.82,"1,881.31",849.98,
Forestry,N/A for LULC,Lost Ecosystem Services,/ha,Land Use_Forestry_N/A for LULC_Lost Ecosystem Services,24.84,"3,547.48",291.99,"5,333.41","8,892.81",103.20,"2,033.81",0.00,978.69,"69,839.70","1,974.25","13,397.64",0.00,"20,572.51",704.63,"6,817.35",108.90,"4,091.87","8,206.26","5,962.41",72.92,"10,440.89","3,193.86","1,486.41","3,172.82",0.00,"1,978.68","2,102.23","8,485.71","3,871.93",0.00,787.56,"4,329.97","3,649.11","2,129.71",73.90,"36,865.33",303.22,0.00,"15,139.01","3,271.95","1,448.12","3,669.84","1,735.05","1,623.61","2,792.28","4,788.18","2,293.92","8,554.12","3,617.99","31,159.44","4,924.31","9,454.20","9,925.73",58.75,"3,281.48","3,856.01","3,597.03",0.00,"4,415.06","4,856.26",313.98,"6,655.76","1,098.60",758.22,0.00,"4,257.76","2,265.97","8,334.00","6,298.58","4,355.49","1,270.52","2,898.13","11,635.71","1,685.00","6,401.97","2,473.52","1,136.30","4,012.11","4,588.63","4,077.17",849.30,"3,758.75","4,771.59","3,448.73","3,246.19","5,796.57","5,394.68",0.00,"2,550.32","4,807.46",0.00,0.00,0.00,"10,343.45","2,255.79","9,351.35","5,075.05","4,829.66",249.45,0.00,453.25,"4,306.49","1,032.87","8,927.82","3,824.90",614.77,0.00,"4,159.56","5,872.11",428.75,0.00,"4,096.05",260.71,"15,690.82","7,148.87","13,714.55","5,881.77","3,510.83",0.00,"5,499.45","5,104.86",0.00,"6,948.84","4,457.51",9.79,"4,493.74","2,512.11","4,623.41","2,761.66","6,401.97",427.84,"4,346.66","1,801.35",559.96,"4,250.28",0.00,"4,275.37","2,091.40","9,167.13","5,314.21","4,043.86","1,220.20",0.00,842.82,"4,241.65","5,205.49",284.02,486.67,252.86,"4,854.11","6,371.25","4,077.62",145.25,"2,914.39","3,993.67","8,118.93","3,872.15","4,107.82","1,174.34","7,173.70",477.02,"1,975.15","4,210.23","6,962.78","4,401.17",598.07,173.46,"4,801.08","3,141.80","2,921.11","6,946.71","9,511.88","8,694.87","10,522.64","3,555.97",99.18,635.00,0.00,"5,266.86","3,627.28","31,040.60","5,014.13","13,258.88","9,850.17",12.41,"4,830.56",0.00,"15,645.70",195.21,"5,642.15",99.89,0.00,"5,473.32","4,645.43",455.51,"4,373.25","5,929.84",0.00,"5,342.27",0.00,"19,445.63","4,139.66",0.00,"1,619.67",915.56,"7,210.08",0.00,0.00,0.00,"3,987.20","2,546.65","5,866.96","2,348.36","1,755.79",15.75,0.00,0.00,
Paddy rice,N/A for LULC,Lost Ecosystem Services,/ha,Land Use_Paddy rice_N/A for LULC_Lost Ecosystem Services,189.25,"4,726.72",789.30,"6,577.09","12,292.47",943.11,"2,319.06","2,967.58","3,570.10","77,158.24","3,720.98","17,266.22","16,870.20","23,561.77",953.12,"7,890.09",578.98,"5,938.47","10,483.25","7,526.89",757.04,"14,954.76","3,707.82","3,517.73","5,659.40","2,612.44","4,163.68","3,025.18","9,827.63","6,504.15",573.23,"1,958.07","4,802.80","4,766.12","3,070.95","8,614.34","40,774.50",762.34,360.42,"21,437.18","4,200.91","3,961.53","4,780.24","4,615.93","2,499.92","3,509.21","6,090.57","2,876.93","10,196.58","7,590.22","34,580.80","10,079.58","11,153.81","13,796.33",121.09,"4,168.90","6,246.85","5,502.08","2,591.33","4,699.68","5,864.34",810.50,"9,862.96","2,334.95","1,435.83","9,675.50","5,063.43","10,150.85","11,617.78","7,253.49","4,913.92","1,978.63","4,509.53","14,804.28","2,461.06","7,903.73","6,449.23","3,553.67","5,154.68","6,265.54","5,208.60","1,653.50","4,702.62","5,490.50","4,614.52","4,080.69","6,587.08","8,958.36","7,988.80","3,893.81","5,871.48","2,162.46","1,888.18","17,220.32","14,813.76","3,334.57","12,335.49","5,925.87","8,747.28",499.68,"3,480.35","1,794.63","4,744.81","1,461.50","11,053.70","4,836.96",837.36,"1,388.58","4,887.01","8,376.19","2,486.55",654.23,"4,761.44",448.98,"21,621.26","10,402.14","17,073.87","6,681.88","3,757.46","2,472.27","6,793.21","6,036.19",596.83,"8,586.19","4,899.37",400.49,"6,381.06","3,400.40","4,935.68","4,954.61","7,903.73",958.52,"6,293.08","2,324.33","1,610.31","5,089.09",652.36,"5,084.50","2,558.09","12,559.95","6,565.08","7,224.70","5,568.59",252.87,"2,057.74","6,137.85","6,375.25","11,014.28",808.05,526.31,"5,243.42","7,773.54","4,736.43","2,576.78","3,978.48","5,121.91","10,809.34","8,586.08","6,268.21","1,558.21","10,088.70","6,510.80","2,536.45","5,004.02","9,921.61","4,823.47",815.85,908.10,"6,486.62","4,102.07","4,513.91","8,153.81","12,304.52","10,921.64","13,073.93","4,672.13",519.61,"1,371.88","2,835.45","8,779.63","5,471.52","41,371.12","5,989.35","17,272.03","14,148.79",431.40,"5,821.82","11,330.90","19,005.49",700.08,"6,602.86",969.22,"2,179.79","6,457.46","5,030.61","1,053.72","5,124.70","8,067.14","2,785.39","6,744.82","3,752.68","21,817.99","4,928.79","2,423.97","3,758.59","1,228.83","11,148.48","10,175.81","2,249.00","1,197.51","4,751.75","4,100.47","6,830.68","3,020.02","2,123.77",65.70,"1,800.12",667.95,
Paved,N/A for LULC,Lost Ecosystem Services,/ha,Land Use_Paved_N/A for LULC_Lost Ecosystem Services,312.21,"7,092.08","1,340.64","8,576.98","18,371.85","1,563.74","2,935.07","5,259.71","5,346.31","107,743.08","5,439.64","25,643.21","48,369.29","33,498.67","1,131.60","10,852.11",697.26,"8,789.50","15,457.78","10,298.91","1,262.11","22,346.90","5,389.68","5,452.49","8,508.18","6,116.95","6,076.60","3,779.48","12,827.04","9,771.70","1,013.38","3,288.51","6,427.46","6,517.75","4,321.66","14,590.84","57,083.80","1,221.18",722.76,"32,135.44","6,195.16","6,460.00","6,322.28","6,361.98","3,481.83","4,694.94","8,115.93","3,924.83","14,974.50","12,186.48","48,865.51","16,997.22","16,325.77","20,550.58",165.70,"5,482.66","8,891.02","7,704.35","6,895.91","6,465.34","7,789.51","1,275.01","14,726.73","3,406.90","2,138.65","13,633.73","6,650.66","15,975.13","17,335.14","9,379.84","6,559.88","3,044.72","6,653.64","21,885.35","3,470.90","12,189.48","10,820.04","5,170.86","6,777.40","8,243.61","7,117.71","2,422.94","6,983.06","7,163.87","6,342.11","5,624.05","8,837.52","13,479.57","15,139.51","5,713.68","7,785.65","4,563.03","4,585.99","30,768.89","22,134.54","5,114.41","18,651.27","7,877.89","13,228.28",754.96,"7,895.47","2,972.73","6,341.54","2,180.53","16,821.14","7,147.10",997.21,"2,704.45","6,560.13","12,443.50","4,420.11","1,134.18","6,297.80",648.23,"32,274.25","15,517.06","25,210.76","8,959.69","4,986.64","5,864.07","8,980.73","7,869.78","1,272.52","13,258.99","6,412.66",706.86,"8,426.00","4,886.97","6,432.92","7,303.72","12,189.48","1,448.40","9,350.73","3,490.30","2,735.55","6,913.39","1,219.22","6,677.06","3,643.34","18,671.22","8,612.07","10,541.14","8,658.77",486.36,"3,193.08","9,168.38","8,318.22","16,476.51","1,038.35",823.88,"6,823.13","10,352.30","6,246.35","3,911.64","5,388.56","6,779.71","16,005.53","14,615.48","8,457.14","1,834.03","14,889.54","10,699.86","3,518.75","6,576.20","14,766.81","6,337.66",972.24,"1,483.20","9,556.62","5,337.95","6,270.18","10,524.19","17,183.22","16,085.35","19,265.33","6,203.82",882.11,"1,996.57","6,601.43","13,990.97","7,406.56","57,772.89","7,804.50","24,095.03","19,630.44",732.83,"7,721.59","18,831.84","28,169.39","1,157.85","8,683.16","1,563.53","4,331.03","8,688.73","6,664.08","1,624.27","6,719.86","10,770.22","6,664.35","10,132.07","10,243.32","31,082.31","6,481.91","5,214.55","5,534.98","1,453.88","16,723.90","17,301.76","3,329.36","2,703.10","6,260.04","5,700.03","9,259.35","4,038.50","3,142.62",101.40,"3,930.78","1,147.91",
